customer_id,name,email,registration_date
1,Cynthia Aguilar,fjacobs@example.org,2024-12-22
2,Mary Scott,ryan30@example.com,2022-10-20
3,John Mahoney,gatescharlene@example.org,2020-09-13
4,Rhonda Graham,kathleendavis@example.org,2022-05-04
5,Stephanie Freeman,castropaul@example.net,2021-09-27
6,Glenn Johnson,charleswalters@example.org,2020-06-17
7,Melissa Lopez,morriskevin@example.org,2023-04-04
8,Cameron Carpenter PhD,ronnieanderson@example.com,2020-07-29
9,Sean Sanchez,melissarobinson@example.net,2024-08-05
10,Michael Byrd,thompsondenise@example.org,2024-11-05
11,Penny Davis,fergusonsteven@example.net,2021-05-10
12,William Walker,kyle55@example.com,2020-12-10
13,Billy Farley,valdezbryan@example.com,2023-03-03
14,Mark Garcia,qherrera@example.com,2024-08-16
15,Mackenzie Casey,katherine43@example.org,2020-09-01
16,Keith Watkins,carolynfowler@example.net,2023-01-02
17,Amanda Duncan,vmclaughlin@example.org,2022-10-13
18,Jennifer Austin,xkline@example.org,2021-08-23
19,Michael Berry,kristypalmer@example.org,2020-06-24
20,Devin Mann,kellyshawn@example.com,2023-01-03
21,Damon Ward,ssanchez@example.org,2021-01-26
22,Kara Velasquez,richardrowe@example.net,2021-03-17
23,John Davis,crystal50@example.com,2023-12-15
24,Joshua Stewart,phartman@example.net,2023-08-22
25,Samuel Stewart,salazarross@example.com,2021-05-08
26,Nicole Miller,sean81@example.org,2022-08-21
27,Karen Neal,reynoldsjames@example.net,2025-02-05
28,Anne Mcmahon,benjamintorres@example.net,2025-01-03
29,Lindsay Jackson,kennethwilkins@example.net,2023-05-19
30,Angelica Bauer,blong@example.net,2021-07-24
31,Luis Nguyen,wdavidson@example.com,2023-07-07
32,Kevin Lutz,vlopez@example.net,2020-04-16
33,Tara Williams,mark54@example.net,2021-04-30
34,Christopher Reid,dawnlopez@example.org,2021-10-25
35,Chad Richard,phyllismoore@example.com,2023-02-02
36,Alexander Holt,martinjamie@example.com,2021-11-04
37,Ryan Hamilton,brownglenn@example.com,2024-07-10
38,Shawn Wilkerson,tamiwhite@example.net,2024-03-21
39,Gerald Hensley,bsmith@example.com,2022-03-27
40,Denise Curry,jasonalvarado@example.net,2024-09-17
41,Steven Sheppard,wendy41@example.net,2023-04-28
42,Dr. Francisco Wilson,kingbethany@example.org,2020-07-25
43,John Howell,christophermarshall@example.net,2023-03-31
44,Alicia Johnson,matthew31@example.com,2024-04-13
45,Hector Le,frangel@example.net,2020-12-17
46,Lindsay Jackson,kyleconrad@example.com,2020-05-21
47,Valerie Hines,kenneth25@example.com,2023-11-29
48,Justin Howard,daniel07@example.com,2023-04-05
49,Rebecca Webb,tracy00@example.net,2023-11-11
50,Mr. Thomas James MD,randy38@example.org,2024-10-31
51,Angela Brown,icalhoun@example.org,2022-06-09
52,Desiree Jensen,parksstephanie@example.com,2023-07-17
53,Tammy Hernandez,edwardsgregory@example.com,2024-10-25
54,Beth Case,grivas@example.org,2022-12-31
55,Tonya Caldwell,scott39@example.net,2020-11-12
56,Kari Greene,mcrosby@example.com,2020-09-28
57,Veronica Santiago,robertcampbell@example.com,2022-10-13
58,Lauren Nichols,dennis07@example.com,2020-04-22
59,Frank Deleon,brenda57@example.org,2020-05-08
60,Patrick Roberson,hsanford@example.com,2023-01-10
61,Lisa Cruz,casey64@example.org,2021-10-18
62,Amy Torres,lynnpacheco@example.net,2022-03-02
63,Mr. Jack Parker Jr.,kaylajohns@example.org,2021-09-13
64,Dr. Jaime Boyd,donaldpaul@example.org,2023-11-29
65,Brandon Johnson,brad08@example.com,2023-08-23
66,Allison Smith,nicole64@example.com,2020-07-22
67,Mitchell Williams,jeffreyshannon@example.com,2025-01-30
68,Ashley Romero,amanda78@example.com,2024-02-10
69,Wesley Parker,nicole12@example.com,2023-03-08
70,Lisa Weber,kaitlynlindsey@example.com,2024-09-27
71,Faith Lawrence,cayala@example.org,2022-02-19
72,Katherine Moore,pattersonjeremy@example.com,2021-03-03
73,Alexandra May,parsonsanita@example.com,2023-03-31
74,Brianna Scott,ybarrett@example.org,2020-08-31
75,Jonathan Khan,randall66@example.org,2023-03-21
76,Jessica Strickland,yspencer@example.net,2025-01-01
77,Brian Smith,chapmansamantha@example.com,2022-07-24
78,Ronald King,dturner@example.org,2023-05-19
79,Michael Clark,robingarcia@example.org,2024-04-10
80,Donald Perry,martinmckee@example.com,2022-01-08
81,Betty Garrison,maxwelljohn@example.org,2022-01-25
82,James Diaz,murrayderek@example.com,2023-01-12
83,Danielle Parker,douglasli@example.net,2021-05-18
84,Mark Lyons,kirktiffany@example.com,2020-04-28
85,Samantha Anderson,buchananmichael@example.com,2025-01-23
86,Todd Wilson,malonevanessa@example.net,2020-07-13
87,Dr. Melissa Krueger DDS,gordonelizabeth@example.org,2020-11-24
88,Laura Small,candicegarner@example.org,2021-01-13
89,Mark Walker,miranda60@example.net,2023-02-26
90,Chad Morales,ohiggins@example.net,2022-01-29
91,Michael Washington,bmarquez@example.org,2020-12-25
92,Ashley Stewart,zwilliams@example.net,2023-08-02
93,Diana Cameron,djohnson@example.org,2020-07-23
94,David Rosales,raymond65@example.org,2021-08-09
95,Christina Jackson,xmccoy@example.com,2023-07-09
96,Mary Oliver,jessica09@example.com,2020-10-09
97,Jeanne Fleming,aaron96@example.com,2023-07-29
98,Wendy Mejia,deleondanielle@example.net,2022-05-28
99,Brittany Black,dduncan@example.net,2021-02-08
100,Jeremy Patterson,kevinrobinson@example.com,2021-05-23
101,Cheryl Dunn,iwillis@example.net,2021-08-19
102,Joseph Cline,lisanunez@example.org,2025-01-11
103,Ann Medina,margaret48@example.com,2020-08-08
104,Jessica Lucas,jacksoneric@example.com,2022-03-23
105,James Brown,dbentley@example.net,2020-06-01
106,Jesse Higgins,jrodriguez@example.org,2022-12-28
107,Stephanie Brown,michael80@example.com,2023-03-08
108,John Hill,danielleanderson@example.net,2022-06-23
109,Johnathan Walsh,annaroberts@example.com,2022-10-09
110,Chelsea Brown,mortonjohn@example.net,2022-09-11
111,William Scott,adam33@example.net,2023-08-25
112,Gregory Olsen,brandolph@example.net,2023-05-09
113,Ashley Smith,paul65@example.org,2021-06-10
114,Brittany Ellis,juliacruz@example.net,2020-07-29
115,Jennifer Reid,patricia60@example.org,2020-08-18
116,Suzanne Mercer,lwalker@example.org,2020-07-13
117,Tony Wilson,pnielsen@example.org,2024-02-23
118,Martha Thompson,jeffreypeterson@example.net,2023-06-18
119,Rachel Bryan,patricia99@example.org,2024-09-11
120,Jared Whitaker,dawnsmith@example.org,2024-05-03
121,Charles May,schmidtcarolyn@example.com,2024-03-03
122,James Rios,davidrice@example.com,2021-08-18
123,Kathleen Wall,imann@example.net,2025-01-18
124,Dr. Gabrielle Rice,angelarussell@example.org,2022-03-10
125,Christopher Boyd,vphillips@example.com,2025-02-13
126,Ian Wallace,michael62@example.com,2020-08-28
127,Heather Jones,michelle69@example.net,2024-04-19
128,Miranda Williams,dennishahn@example.net,2023-08-22
129,Lisa Cole,jessicaellis@example.net,2020-02-20
130,Sheena Lowe,miguelpeterson@example.org,2020-05-09
131,Jacob Holt,charles15@example.com,2020-11-01
132,Nathan Barker,jsmith@example.org,2020-08-24
133,Kayla Villa,barneskarina@example.com,2024-06-12
134,Daniel Hensley,rmitchell@example.org,2024-06-14
135,Charles Davis,peter38@example.com,2022-01-18
136,Justin Ford,harrisamanda@example.com,2024-06-25
137,Matthew Gross,huntererin@example.com,2023-09-13
138,Julian Lucero,webersarah@example.net,2025-01-07
139,Jennifer Cervantes,manuelflynn@example.com,2023-12-02
140,Daniel Payne,jesus24@example.org,2022-03-31
141,Tammy Mcmillan,dave51@example.com,2021-09-09
142,Lindsey Taylor,kwang@example.com,2023-01-14
143,Elizabeth Hodge,jessicahall@example.org,2022-10-22
144,Oscar Brown,desiree90@example.com,2025-02-10
145,David Fitzgerald,erik59@example.org,2020-06-11
146,Sara Nicholson,elizabeth17@example.com,2025-02-08
147,Patricia Reynolds,kathryn55@example.net,2024-02-25
148,Sandra Meyer,kingdylan@example.org,2024-02-15
149,Daniel Brown,gabrielstewart@example.com,2020-10-24
150,James Hancock,laura80@example.org,2022-02-24
151,Michelle Morales,mitchellmario@example.org,2021-10-27
152,Christopher Evans,campbelldave@example.org,2020-07-31
153,Jessica Stephens,annewalker@example.com,2022-07-03
154,Jennifer Soto,timothycastro@example.net,2022-11-14
155,Kelly Munoz,cwalton@example.com,2023-01-24
156,Robert Graham,hayesjohn@example.net,2021-05-17
157,Joseph Watson,leah58@example.org,2022-08-11
158,Leslie Hodges,lopezelizabeth@example.org,2023-05-30
159,Donna Mendoza,jmason@example.net,2021-09-17
160,Jesse Wallace,churchjeffrey@example.org,2024-12-19
161,Dylan Franklin,ffriedman@example.net,2022-06-01
162,Wendy Taylor,christopher70@example.org,2022-03-20
163,Derek Turner,russelljeffrey@example.net,2021-09-24
164,Michael Johnson,usanders@example.org,2022-07-26
165,Aaron Miller,charlesmartin@example.org,2020-07-26
166,Kathryn Taylor,veronicahunt@example.net,2023-12-21
167,Henry Fernandez,gthomas@example.org,2020-06-23
168,Lisa Willis,zcampbell@example.net,2020-04-05
169,Paul Reynolds,kelly15@example.org,2023-09-24
170,Terry Cobb,michaelray@example.com,2024-02-23
171,Joshua Jackson,ronald95@example.net,2024-01-29
172,William Burke,petersonanthony@example.net,2023-12-19
173,William Brooks,robingreen@example.net,2024-09-24
174,Michelle Lane,drichards@example.net,2022-04-04
175,Roberto Lara,alicia05@example.net,2022-04-17
176,Zachary Contreras,amanda49@example.net,2022-09-18
177,Matthew Anderson,cheryl34@example.org,2024-05-28
178,Stephen Nelson,stevenchandler@example.org,2022-12-10
179,Charles Mcmillan,melissahughes@example.net,2020-10-08
180,Lindsey Choi,torresjohn@example.com,2023-10-30
181,Richard Solis,steven18@example.com,2024-09-29
182,Cynthia Johnson,wendy69@example.com,2024-07-10
183,Vincent Mitchell,williamrivera@example.com,2021-12-02
184,Rebekah Frost,wboyd@example.net,2024-04-30
185,Margaret Mullins,christopherstokes@example.org,2024-12-18
186,John Livingston,aholmes@example.net,2023-01-18
187,Michelle Little,campbelljames@example.com,2023-02-24
188,Kristina Le,wheelermatthew@example.com,2024-01-30
189,Timothy Parsons,tina11@example.org,2022-03-21
190,Anthony Anderson,vlowe@example.net,2021-06-28
191,Brenda Bush,laura40@example.net,2020-07-13
192,Anita Hernandez,jenniferevans@example.org,2024-06-13
193,Louis Larsen,mitchelljohn@example.org,2021-02-17
194,Christopher Larson,daviesjuan@example.net,2021-10-17
195,Roberto Wilson,charles80@example.net,2021-10-14
196,Mr. Ernest Lowery,yvonnedawson@example.net,2020-09-25
197,Christopher Thompson,jkane@example.net,2021-05-09
198,Kristen Barnett,sbright@example.net,2023-05-16
199,Joseph Gutierrez,dennis25@example.com,2021-04-20
200,Michelle Bush,bbauer@example.net,2024-05-26
201,Courtney Cox MD,colinpatrick@example.net,2022-06-23
202,Melinda Mcmillan,vjohnson@example.com,2020-04-21
203,Devin Brown,nbaird@example.com,2022-06-26
204,Lisa Mueller,abell@example.com,2023-10-18
205,Laura West,robertsvictor@example.com,2024-08-01
206,Richard Williams,manningkellie@example.org,2025-01-04
207,Connie Brooks,fburch@example.net,2022-01-09
208,Vanessa Sheppard,mathissheila@example.org,2023-07-28
209,David Butler,thomasrobinson@example.com,2020-06-27
210,Evan Garrison,drakechristopher@example.org,2020-11-07
211,Bryan Wright,pchase@example.org,2022-08-21
212,Stephanie Smith,jamesavila@example.com,2024-04-23
213,Kyle Taylor,nmartinez@example.net,2021-11-21
214,Mark Miller,kylerussell@example.com,2022-10-20
215,Jill Dodson,brad05@example.net,2021-01-06
216,Sarah Durham,owhitehead@example.net,2023-12-21
217,Erin Franklin,taustin@example.org,2023-05-10
218,Stephen Grimes,sarahbarnes@example.org,2020-08-03
219,Kara Franklin,jameswebb@example.com,2022-07-08
220,Leslie Beard,gjohnston@example.net,2022-12-22
221,Karla Garcia,ejordan@example.org,2023-09-01
222,Molly Hopkins,sanchezmelissa@example.org,2020-07-01
223,Ethan Jacobs,codysimmons@example.net,2020-07-22
224,Susan Padilla,taylorsteven@example.net,2020-08-28
225,Christian Ortega III,karalandry@example.net,2024-01-30
226,Richard Garcia,frank49@example.com,2022-04-09
227,Amber Edwards,ymyers@example.net,2020-06-15
228,Jaime Stone,christian74@example.org,2021-01-03
229,Destiny Alvarado,sarakhan@example.net,2022-12-20
230,Mario Cooper,bowenlouis@example.net,2022-12-02
231,Veronica Norman,htate@example.com,2022-06-21
232,Paul Hall,william97@example.com,2020-11-30
233,Michael Alexander,pwerner@example.com,2020-12-11
234,Corey Hall,tonyburns@example.com,2023-01-15
235,Harry Mccormick,juliebrown@example.net,2020-02-27
236,Brenda Jackson,kenneth16@example.net,2020-08-24
237,Joel Hickman,figueroakaitlyn@example.com,2023-10-02
238,Grant Kirk,ritaporter@example.org,2020-05-22
239,Laura Ray,christopherblair@example.org,2021-12-26
240,Todd Kelly,ihanna@example.org,2020-02-21
241,Brian Perez,fholland@example.org,2022-01-06
242,Jamie Cruz MD,tbarnes@example.org,2020-04-19
243,Vernon Mathews,armstrongrobert@example.org,2020-03-25
244,Tracy Reynolds,macdonaldpatricia@example.net,2022-07-16
245,Timothy Murphy,lewischristine@example.net,2022-05-25
246,Danielle Jones,davidsnyder@example.net,2024-09-27
247,Tony Wilcox,christianwood@example.org,2020-11-05
248,Justin Kennedy,ericfrey@example.net,2024-06-21
249,Alejandro Smith,rpineda@example.com,2025-02-07
250,Patricia Henson,gomezdiana@example.org,2024-07-05
251,Sarah Davies,gomezelizabeth@example.org,2021-09-10
252,Lauren Walton,sylviarogers@example.com,2023-02-02
253,Jacob Vance,bchang@example.com,2021-05-08
254,David Taylor,brownzachary@example.net,2020-03-25
255,Dave Perez,znash@example.com,2025-02-05
256,Steve King,fnichols@example.org,2020-08-06
257,Tracy Hall,kathrynjohnson@example.org,2024-09-19
258,Lindsey Lee,awolfe@example.com,2023-05-11
259,Angela Villa,jason94@example.net,2021-12-20
260,Jennifer Fischer,john90@example.net,2023-01-01
261,Cynthia James,edward38@example.net,2022-07-31
262,Kimberly Arroyo,qthomas@example.net,2022-06-14
263,David Martinez,ellen44@example.net,2022-04-18
264,Ashley Vargas,andersondawn@example.com,2023-02-03
265,Robin Ritter,williamsheppard@example.net,2023-10-01
266,Justin Collins,kurt27@example.org,2024-11-10
267,Daniel Howard,andrewhoward@example.org,2022-01-04
268,Christopher Fernandez,randysmith@example.com,2020-06-22
269,Nancy Barnes,gabriel24@example.net,2023-03-17
270,Guy Adkins,gary76@example.org,2020-10-15
271,Vincent Montoya,dustin00@example.net,2025-01-28
272,Ethan Garcia,richard63@example.org,2025-02-10
273,Malik Williams,raymond37@example.org,2022-01-30
274,Holly Briggs,cburton@example.com,2023-04-18
275,Catherine Gonzales,carol76@example.org,2021-10-21
276,Andrea Carroll,ijoyce@example.org,2020-10-19
277,Suzanne Jensen,andersenkelsey@example.com,2024-02-21
278,Donald Greene,wadedavid@example.com,2024-02-20
279,Miss Allison Lewis,hansonheather@example.com,2024-12-31
280,Marilyn Thompson,cooperronald@example.com,2020-04-15
281,Adam Wright,tlopez@example.net,2020-09-23
282,Victor Mcclain,joesmith@example.org,2024-07-21
283,Tammy Green,julieduran@example.org,2023-08-07
284,Anthony Smith,regina28@example.com,2023-08-11
285,Brandon Leblanc,bridget48@example.net,2021-12-25
286,Laura Smith,tracy68@example.net,2023-05-12
287,Jacob Buchanan,nmiller@example.com,2024-10-06
288,Marcus Hall,ycruz@example.org,2020-06-27
289,Vincent Fuller,uevans@example.net,2021-01-28
290,Kyle Jackson,hdickson@example.net,2021-11-16
291,Adriana Robinson,iharrington@example.org,2020-08-26
292,Tamara Haney,bowens@example.org,2020-04-27
293,Abigail Oconnor,cpatterson@example.org,2024-08-04
294,Joshua Sexton,christopher08@example.org,2020-02-23
295,Micheal Wong,rayhoward@example.net,2022-05-30
296,Lori Larson,carrollsteven@example.net,2023-11-17
297,Shannon Johnson,karen68@example.com,2024-03-02
298,James Perez,jsullivan@example.org,2020-08-12
299,Christine White,jason17@example.com,2021-09-10
300,Sara Hogan,ortegajeremy@example.com,2021-08-09
301,Loretta Reeves,ralph39@example.net,2022-06-16
302,Jerome Green,christinewhite@example.com,2020-12-30
303,Lynn Phillips,smithryan@example.net,2025-01-21
304,Randy Soto,anthony53@example.com,2024-06-06
305,Amber Combs,kelleykimberly@example.org,2023-02-28
306,Jennifer Boyd,smithdennis@example.com,2022-07-24
307,Stacie Wilson,elizabeth77@example.net,2023-02-23
308,Benjamin Vasquez,henryisaiah@example.org,2021-10-10
309,Alejandro Taylor,jonestamara@example.org,2023-07-01
310,Ashley Huber,danielrojas@example.com,2020-03-17
311,Manuel Morris,ostephens@example.org,2021-07-29
312,Miss Sherry White PhD,ksmith@example.com,2020-02-28
313,Meghan Smith,tannerkenneth@example.org,2021-01-05
314,Daniel Roth,sotochad@example.org,2024-11-13
315,Jessica Peters,ehuynh@example.com,2022-11-06
316,Austin Shaw,john71@example.org,2024-04-12
317,Christine Jones,kbeasley@example.net,2023-10-31
318,Latoya Hart,williamsgeorge@example.net,2024-03-21
319,Peter Davis,kimberly64@example.com,2023-03-12
320,Brian Reed,maurice54@example.net,2024-11-05
321,Christopher Brown,tammybecker@example.com,2022-05-18
322,Christian Wood,christopher00@example.com,2022-03-29
323,David Hickman,walkerjeremy@example.net,2024-10-16
324,Tracy Pearson,xmurphy@example.net,2022-10-28
325,Sherry Willis,rwilliams@example.org,2022-08-02
326,Deanna Espinoza,madison70@example.net,2022-06-18
327,Lori Fisher,barrsara@example.com,2022-07-09
328,Jeremy Bowers,lee76@example.com,2023-02-04
329,Benjamin Silva,glucero@example.com,2023-09-27
330,George Hayes,lallen@example.org,2024-09-22
331,Teresa Warner,wilsondaniel@example.org,2024-11-12
332,Travis Davis,jennifer29@example.com,2024-02-27
333,Darrell Mckinney,aguilardan@example.com,2020-10-14
334,Bryan Cooper,fwilliams@example.com,2025-01-30
335,Brittany Smith,rhonda88@example.com,2022-03-05
336,Alan Cobb,mariopennington@example.net,2023-09-15
337,Brittany Hull,xriggs@example.net,2022-04-26
338,Gary Rice,nbarnes@example.org,2021-04-15
339,Robert Anderson,othomas@example.org,2024-07-04
340,Mitchell Hoffman,jonessusan@example.org,2023-01-18
341,Dr. Ryan Griffin,cody03@example.net,2024-09-04
342,Natalie Lee,dennis02@example.org,2024-12-21
343,Lisa Thompson,sally59@example.org,2020-07-02
344,Adam Peterson,brenda70@example.org,2020-12-12
345,Xavier Turner,warrenmatthew@example.com,2020-09-17
346,Steven Mayo,janetorres@example.com,2024-05-27
347,Christine Copeland,hannahbrown@example.com,2022-03-13
348,Michael Daugherty,xdavid@example.com,2024-11-14
349,Kelly Schmidt,troypacheco@example.net,2023-09-17
350,Justin Conley,reevesjoshua@example.org,2023-10-04
351,Nicole Weaver,mpaul@example.com,2022-10-13
352,Susan Fowler MD,warecarrie@example.net,2023-12-11
353,Amber Rivera,gary77@example.com,2022-03-21
354,Kevin Ramirez,bianca71@example.org,2020-07-10
355,Chelsey Wolfe,leenicole@example.com,2021-10-19
356,Robert Allen,patriciamartinez@example.com,2020-12-03
357,Jesse Peterson,thomassabrina@example.org,2024-01-15
358,Travis Murphy,petersonrebecca@example.com,2022-11-24
359,Mitchell Gonzales,ewilkerson@example.org,2024-03-15
360,Bryan Stanton,lchapman@example.net,2021-02-16
361,Maria Dixon,rfreeman@example.com,2021-06-12
362,Cody Castro,dylanrios@example.org,2024-08-04
363,Alan Bell,charlessanchez@example.com,2023-04-27
364,Anna Avila,nlopez@example.org,2022-12-03
365,Megan Strickland,kevinmoody@example.net,2025-01-12
366,Debbie Flores MD,lking@example.org,2021-07-08
367,Derrick Nash,abigailjones@example.com,2023-12-07
368,Amanda Wright,ellisondamon@example.net,2023-01-01
369,Robert Goodman,kimberly82@example.net,2024-12-15
370,Daniel Lewis,randallbrennan@example.org,2020-03-07
371,Jonathan Perkins,xdavis@example.org,2023-10-14
372,Michael Diaz,vanessa26@example.com,2024-08-29
373,Mr. Jeffrey Miller,lscott@example.com,2020-06-18
374,Heather Ross,kimberly85@example.com,2021-06-29
375,Mark Griffin,aaron07@example.org,2021-04-21
376,Kelly Alvarado,lloydcaroline@example.com,2021-09-30
377,Diane Wagner,johnbanks@example.org,2024-06-01
378,James Osborn,joyce83@example.org,2024-03-31
379,Jean Goodwin,thomasgardner@example.net,2022-08-19
380,Jennifer Chavez,mjackson@example.net,2024-05-03
381,Marissa Owens,kristen00@example.net,2025-02-06
382,Tammy Mcdaniel,wesley66@example.net,2023-11-19
383,Samuel Carr,waterstodd@example.net,2022-10-18
384,Jennifer Cole,antoniojohnson@example.net,2024-09-04
385,Ronald Gonzalez,diana69@example.net,2024-01-15
386,Cristian Peterson,jonesmichael@example.com,2023-08-07
387,Daniel Villarreal,elizabeth51@example.com,2022-04-30
388,Carrie Frederick,brianbrown@example.com,2024-11-13
389,Deborah Stewart,claudia85@example.com,2020-05-19
390,Aaron Williams,jillianjohnson@example.com,2021-06-17
391,Emily Klein,cbrown@example.com,2024-12-10
392,Joel Mccormick,heidi12@example.net,2020-05-24
393,Barry Smith,brian40@example.net,2022-03-18
394,Tammy Allen,gordoncrystal@example.org,2024-10-05
395,Robert Gonzalez,fullerjames@example.org,2023-06-06
396,Cynthia Yates,williamwilliams@example.org,2023-06-21
397,Kelly Hill,monica08@example.net,2023-09-20
398,Richard Brown,tanyacollins@example.net,2024-03-30
399,Ian Williams,julie42@example.com,2021-12-04
400,Eric Simmons,christieharris@example.org,2023-03-14
401,Kimberly Wood,paynechristopher@example.net,2023-01-18
402,Denise Adkins,amy28@example.net,2020-09-10
403,Nathan Franklin,figueroamark@example.com,2025-01-14
404,Megan Quinn,andre09@example.com,2020-03-10
405,Teresa Carter,griffinmatthew@example.net,2021-12-05
406,Karen Clark,alexis47@example.com,2024-06-08
407,Hannah Trujillo,bjohnson@example.org,2024-11-04
408,Susan Williamson DDS,michael38@example.org,2024-03-26
409,Kevin Cunningham,jamesroberson@example.net,2021-10-07
410,Dr. Eric Williams,jacobsjames@example.net,2020-02-18
411,Gary Lambert,jenna55@example.org,2020-12-16
412,Michael Anderson,ronaldhudson@example.com,2020-10-21
413,Cody Wright,rbentley@example.org,2023-07-27
414,Cassandra Rivas,qjackson@example.net,2025-01-13
415,Tara Hawkins,martinezcatherine@example.com,2021-03-23
416,Ruben Miller,rhonda02@example.com,2022-07-12
417,John Rodriguez,david36@example.org,2021-02-05
418,George Smith,uross@example.com,2021-11-05
419,Joseph Avila,katie14@example.net,2021-04-16
420,Erin Griffin,gregorydustin@example.org,2024-10-24
421,David Johnson,whill@example.net,2022-09-14
422,Deanna Bird,cody07@example.org,2022-07-19
423,April Rubio,westtammy@example.org,2021-01-13
424,Daniel Hamilton,veronicacannon@example.com,2023-02-17
425,Martin Orozco,melissasuarez@example.net,2023-03-17
426,Kelsey Lopez,williamnguyen@example.org,2025-01-24
427,Zachary Peters,welchjames@example.net,2024-02-05
428,Steve Wiggins,graymartin@example.net,2021-12-14
429,Kristen Cunningham,brianbrown@example.net,2020-09-04
430,Lisa Davis,katherineestrada@example.org,2022-03-08
431,Angela Harris,ericcook@example.net,2021-05-01
432,Deborah Myers,richardsonaaron@example.net,2022-11-09
433,Gary Gutierrez,svaldez@example.net,2024-12-16
434,Gregory Chapman,megan24@example.com,2022-11-01
435,Jill Morgan,davidsmith@example.org,2021-06-18
436,Miguel Gomez,jenkinstaylor@example.net,2020-12-08
437,Matthew Garcia,rjackson@example.net,2024-04-11
438,Lisa Bailey,gloverjeffrey@example.com,2024-08-28
439,Victor Duran,ywilliams@example.com,2022-11-26
440,George Turner,deanli@example.net,2020-04-08
441,Jason Rose,htran@example.org,2021-05-16
442,Trevor Joseph,qperkins@example.org,2021-05-05
443,Kaitlyn Payne,josephmcdowell@example.com,2024-07-04
444,Brett Hernandez,xbrown@example.net,2023-08-24
445,Patrick Mckinney,samanthadavidson@example.org,2023-12-17
446,Michelle Higgins,bmarshall@example.com,2021-02-23
447,Megan Torres,millskaren@example.org,2021-12-10
448,Allison Smith,williamsmanuel@example.net,2021-07-11
449,Andrea Johnson,msmith@example.net,2020-02-24
450,Anna Bailey,monicaedwards@example.com,2020-04-11
451,Lisa Cline,robert99@example.org,2023-07-26
452,Michael Lucero,nicholasaguilar@example.com,2024-04-17
453,Mary Booker,maystephen@example.com,2023-07-24
454,Jose Roberts,bkelley@example.com,2022-08-18
455,Cynthia Bowen,zdickson@example.org,2024-01-03
456,Kevin Rowe,rose28@example.com,2024-05-03
457,Ashlee Knapp,aliciamurray@example.com,2021-11-23
458,Robert White,jennifer87@example.org,2020-12-18
459,Dave Boyle,yray@example.net,2023-06-14
460,Frank Mendoza,raymond80@example.com,2021-06-07
461,William Johnson,david51@example.com,2022-03-25
462,James Conner,ajuarez@example.net,2022-10-12
463,Melanie Sellers,gina76@example.org,2023-10-14
464,Gregory Jones,mark85@example.org,2020-07-02
465,Edward Singh,sharon89@example.net,2021-07-03
466,Ricky Patton,walkerkimberly@example.net,2020-04-26
467,Elizabeth Henry,vegaandrew@example.net,2023-01-03
468,Richard Ray,ericksonmarco@example.com,2020-07-18
469,Michael Klein,alexandrawarren@example.com,2020-08-04
470,Diane Price,sparkskatherine@example.com,2021-09-04
471,Paula Montgomery,jrandall@example.net,2020-05-15
472,Cynthia Williams,cookpaula@example.com,2021-09-20
473,Joseph Brown,pdudley@example.org,2021-02-08
474,Autumn Jenkins,tranmark@example.net,2023-03-27
475,James Coffey,igarner@example.net,2023-04-22
476,Christopher Gibson,kristen28@example.com,2023-12-10
477,Chelsea Rogers,sarah57@example.org,2022-08-11
478,Jennifer Lewis,nicole09@example.org,2025-01-28
479,Joy Hancock,michaelkelly@example.net,2022-11-12
480,Tracy Burns,mosleyjames@example.org,2024-06-02
481,Sara Adams DDS,keithtammy@example.com,2022-09-02
482,Justin Henderson,benjaminmejia@example.org,2023-05-23
483,Richard Santiago,danielwilliam@example.com,2020-05-20
484,Valerie Holder,gibsonmolly@example.org,2024-03-09
485,Allen Pace,etran@example.org,2023-03-06
486,Jeremy Acevedo,chansen@example.net,2022-11-20
487,John Dunlap,debra99@example.com,2022-08-21
488,Sandra Meyers,xallen@example.org,2021-09-12
489,Nicholas Riggs,tamara95@example.com,2023-09-19
490,Michael Craig,christinawest@example.org,2024-07-27
491,Scott Cordova,jamesbenton@example.org,2021-08-24
492,Christina Massey,heatherfox@example.net,2023-11-17
493,Johnathan Smith,pperry@example.com,2020-09-14
494,Mary Smith,kirstenluna@example.com,2024-02-19
495,Lori Salinas,samanthapatel@example.net,2021-08-27
496,Mrs. Jordan Jones,jgutierrez@example.com,2024-04-26
497,Anna Mitchell,adam62@example.com,2020-09-30
498,William Black,tdean@example.com,2020-02-22
499,Karen Mason,christopherholmes@example.com,2020-05-14
500,Michael Webster,collinbennett@example.org,2024-07-06
501,Kathryn Hunt,kmendoza@example.org,2022-09-14
502,Bradley Graves,lparker@example.com,2021-03-12
503,Hannah Brown,wallaceheather@example.com,2023-02-08
504,Dennis Melton,kimberlyhumphrey@example.net,2020-12-28
505,James Gonzales DDS,sscott@example.com,2021-08-27
506,Brittany Pineda,jeffbender@example.com,2022-04-16
507,Patty Taylor,fberger@example.org,2022-12-09
508,Peter Villegas,psilva@example.net,2024-10-26
509,Debra Rasmussen,markhernandez@example.net,2020-10-13
510,Daniel Lucero,mccarthydanny@example.org,2020-08-04
511,Taylor Mathews,dennis45@example.net,2024-06-03
512,Jessica Potter,brandon22@example.org,2021-08-27
513,Cynthia Beasley,josephbeck@example.net,2021-05-05
514,Linda Washington,jamesshepard@example.com,2025-01-05
515,Jennifer Miller,nicholas32@example.net,2020-04-02
516,Tammy Griffith,bhughes@example.org,2020-05-23
517,Melissa Ruiz,richardkelley@example.org,2022-12-21
518,Crystal Rios,blake98@example.com,2025-02-03
519,Sarah Francis MD,andrew02@example.com,2021-11-03
520,Zachary Watts,randybooker@example.com,2021-09-12
521,Shane Faulkner,hicksvincent@example.com,2024-09-27
522,Breanna Shaw,sanchezmichelle@example.com,2020-11-27
523,James Jensen,bradleymiller@example.com,2023-05-06
524,Madeline Walker,ppeterson@example.com,2022-11-13
525,Lori Molina,christopher17@example.net,2024-10-25
526,Debra Stevenson,bentonmichael@example.net,2025-01-04
527,Nancy Chambers,frankhernandez@example.org,2021-07-21
528,Karen Wright,martinezdiana@example.org,2024-05-26
529,Katherine Curry,ohoward@example.org,2023-01-18
530,Jose Cooper,nthomas@example.org,2021-08-01
531,Lynn Hernandez,gduran@example.net,2023-02-09
532,Stanley Coleman,bfleming@example.net,2020-06-07
533,Becky Vega,paul15@example.net,2021-11-21
534,Tyler Thomas,wiseannette@example.com,2022-08-09
535,Shawn Cruz,jackson36@example.org,2023-03-06
536,Kristi Edwards,ricky97@example.org,2024-06-25
537,Diane Vang,gbrown@example.com,2025-01-15
538,Edward Blake,laurawelch@example.com,2021-06-17
539,Nicole Woodard,cwilkinson@example.org,2021-05-17
540,George Merritt,evangardner@example.net,2020-05-21
541,Paula Watkins,victoria48@example.net,2020-07-06
542,Jennifer Russo,loganromero@example.net,2022-11-21
543,Victoria Mccann,alexanderchavez@example.net,2020-05-01
544,Johnathan Brown,morenojennifer@example.org,2020-02-20
545,David Weber,morrisjorge@example.org,2024-12-13
546,Haley Clark,qward@example.org,2024-08-01
547,Paul Adams,clarkjennifer@example.org,2021-05-15
548,Jason Cook,leejohn@example.net,2020-08-15
549,Ashley Owens,chelsea83@example.net,2020-02-14
550,Katelyn Perez,hicksbenjamin@example.org,2022-08-02
551,Jennifer Garcia,patkinson@example.org,2022-01-21
552,Jean Lopez,cynthia89@example.com,2023-10-12
553,Crystal Silva,kevin02@example.org,2021-10-07
554,Vincent Carter,robinsondevin@example.net,2021-04-19
555,Madeline Davis,micheleruiz@example.org,2025-01-15
556,Joanne Anderson,kruegernicole@example.com,2020-08-19
557,Anthony Pierce,renee79@example.org,2021-01-03
558,Kurt Reese,brenda32@example.net,2024-06-19
559,Joanna Rodriguez,ramirezjeffrey@example.org,2021-03-26
560,Gregory Fuller,yangbeth@example.net,2020-02-20
561,Angela Cross,jonescandice@example.com,2023-09-10
562,Jonathan Escobar,jondaugherty@example.com,2022-09-11
563,Amanda Snow,yjohnson@example.com,2022-04-19
564,Crystal Price,lauren33@example.org,2020-06-29
565,Jessica Carter,wwolfe@example.org,2023-03-23
566,Christina Gould,aschmidt@example.com,2023-11-30
567,Patricia Cervantes,brian50@example.com,2024-09-02
568,Parker Myers,michele18@example.org,2022-08-27
569,Stephanie Curtis,tracyvargas@example.net,2024-06-15
570,Faith Long,carrmorgan@example.org,2023-04-26
571,Chelsea Hill,jennifer65@example.org,2022-02-14
572,Anthony Anderson,stacy85@example.org,2021-01-22
573,Brian King,fgarcia@example.org,2020-03-16
574,Joseph Parker,steelebrandon@example.net,2022-07-10
575,Katherine Johnson,jason37@example.org,2024-11-17
576,Natalie Miller,ebell@example.net,2024-05-19
577,Alicia Garcia,james37@example.net,2021-11-27
578,Melissa Mueller,websterdonna@example.org,2020-04-17
579,Barbara Flores,evansmatthew@example.org,2021-05-02
580,Ashley Barnes,zjones@example.com,2021-10-07
581,Lisa Hunt,hector42@example.org,2024-07-14
582,Kevin Miles,ericbarton@example.net,2023-05-07
583,Amanda Richard,brandi66@example.net,2020-11-22
584,Lisa Strong,uortiz@example.com,2021-08-11
585,Angela Dean,clayjacob@example.com,2023-11-24
586,Joshua Johnson,nhanson@example.net,2024-11-01
587,James Edwards,michaelalexander@example.com,2024-10-22
588,Scott Hill,virginiaarnold@example.com,2022-10-02
589,Mathew Jackson,danielsanthony@example.net,2021-02-27
590,Heather Walker,dunndawn@example.com,2023-10-14
591,Scott Barrett,byrdangela@example.com,2023-11-16
592,Allison Miller,felicia58@example.com,2023-07-28
593,Tanner Rodriguez,daniel16@example.net,2020-12-23
594,Meredith Bush,damon57@example.net,2022-02-08
595,Rebecca Walker,martinezlisa@example.com,2024-09-06
596,Michael Jones,christine87@example.net,2022-10-29
597,Robert Mitchell,hughesjillian@example.com,2021-04-27
598,Jason Bradford,melissa47@example.org,2022-10-29
599,Ashley Park,manuelcohen@example.org,2024-01-01
600,Nancy Perry,tzuniga@example.net,2021-08-04
601,Brittany Hurst,cummingskristin@example.net,2023-09-29
602,Paul Ford,dclayton@example.com,2023-05-29
603,Robert Powell,oconnellmatthew@example.com,2022-04-01
604,Wendy Pruitt,sullivanstephanie@example.com,2023-09-05
605,Kimberly Adams,melissaacevedo@example.com,2024-01-05
606,Tina Taylor,hernandezvanessa@example.org,2024-09-15
607,Kenneth Dunn,jenniferfigueroa@example.org,2022-11-19
608,Emily Frost,armstrongbrian@example.com,2021-05-10
609,Sarah George,chad47@example.net,2021-11-29
610,Ethan Perry,dhowell@example.com,2020-08-16
611,Laura Jones,danielle65@example.com,2020-04-29
612,Cynthia Santos,callahandavid@example.net,2020-10-12
613,Laura Spencer,mitchell99@example.net,2024-02-04
614,Tyrone Moss,matthew39@example.com,2022-10-15
615,Shelby Sullivan,vlawson@example.net,2021-03-07
616,Joseph Walker,michael73@example.net,2023-10-12
617,Jamie Smith,meganpatterson@example.com,2023-07-07
618,Todd Mills,perezrebecca@example.org,2024-08-30
619,Jacqueline Rodriguez,valeriezuniga@example.com,2023-09-23
620,Christine Ward,cannonchristian@example.com,2024-04-30
621,Brian Jackson,samantha31@example.org,2024-05-15
622,Jason Nguyen,leachkyle@example.org,2023-08-23
623,Mr. Gregory Freeman,gomezkayla@example.net,2020-04-29
624,Philip Griffin,vickirodriguez@example.org,2022-04-07
625,Yolanda Hughes,benjaminnelson@example.net,2022-07-18
626,Roger Baker,sandersmatthew@example.org,2021-08-16
627,Henry Valenzuela,yoderclifford@example.net,2020-02-29
628,Amanda Gordon,colelane@example.com,2023-07-01
629,Raymond Gonzalez,brendawatson@example.net,2021-06-08
630,Kelly Phillips,travis09@example.org,2023-12-09
631,Albert Walker,halljacqueline@example.org,2021-01-11
632,Anthony Sherman,wilkinsisabel@example.com,2024-11-20
633,Chad Mitchell,williamsdustin@example.net,2021-08-19
634,George Malone,kevin39@example.org,2021-11-13
635,Michael Lopez,antonio63@example.org,2021-05-31
636,Alexander Green,jamesyoung@example.org,2024-03-01
637,Glenn Camacho,scurtis@example.net,2023-06-18
638,Eric Warner,millerjeremiah@example.org,2024-05-09
639,Joyce Braun,ithomas@example.org,2024-08-12
640,Dr. Heather Estrada,laurahughes@example.net,2022-11-01
641,Christopher Garcia,babbott@example.org,2022-08-30
642,Sara Rosario,ystark@example.com,2021-06-24
643,Morgan Rojas,morganhuber@example.com,2022-02-05
644,Jonathan Roach,valdezronald@example.org,2024-12-23
645,Jordan Torres,dustinramos@example.org,2022-07-09
646,Karen Ali,stephaniewallace@example.org,2024-01-20
647,Kim Smith,danieltaylor@example.net,2020-05-24
648,Karen Bright,wyattmichael@example.com,2021-01-21
649,George Schmidt,ecarroll@example.net,2024-08-29
650,Julie Fitzpatrick,vburns@example.org,2021-09-13
651,Jose Perez,samueldalton@example.org,2021-06-02
652,Brian Brooks,murphysherry@example.com,2020-06-16
653,Kaitlyn Roach,stewarttanya@example.com,2022-07-06
654,Lee Maxwell,williamssteve@example.net,2024-03-20
655,Amanda Holland,larrybailey@example.net,2021-02-24
656,Andrea Wong,caseycarson@example.com,2024-09-18
657,Heather Hart,cantrellshannon@example.org,2020-05-23
658,Briana Johnson,meganrandall@example.org,2023-11-05
659,Christine Lucero,apayne@example.com,2024-01-11
660,Jonathan Acevedo,yjackson@example.net,2020-04-24
661,Mr. Christopher Little,jonesmelissa@example.net,2025-02-05
662,Chase Gomez,ericlane@example.net,2024-06-14
663,Maxwell Humphrey,knappjohn@example.com,2023-04-18
664,Caroline Blake,smithmichael@example.org,2022-07-31
665,Nathaniel Chavez,phoffman@example.org,2022-01-09
666,Scott Graham,josegonzalez@example.org,2020-10-04
667,Kimberly Murillo,danielle29@example.net,2023-10-10
668,Kristin Macdonald,robinsonsteven@example.net,2023-09-22
669,Stacy Jones,moorelisa@example.org,2022-03-15
670,Omar Wagner,david07@example.com,2022-03-15
671,Jacob Grant,wellsjulie@example.net,2020-07-25
672,Dr. Valerie Smith,stephanieturner@example.net,2021-10-07
673,Rachel Waller,oleach@example.com,2023-12-28
674,Adam Taylor,benjamin22@example.com,2022-04-12
675,Robert Richmond Jr.,jonesmark@example.net,2024-07-04
676,Mindy Hodges,martin88@example.com,2024-05-13
677,Becky Salinas,dthomas@example.org,2021-10-13
678,Jessica Henry,ahansen@example.com,2024-05-30
679,Charles Graves,donna07@example.net,2023-02-14
680,Brian Silva,chad48@example.net,2023-07-02
681,Makayla Clark,lporter@example.net,2025-01-24
682,Rachael Fisher,xmiller@example.org,2021-06-25
683,Leah Meyer,smithjohn@example.net,2020-05-13
684,Amanda Schneider,griffinthomas@example.com,2024-03-20
685,Kyle Jenkins,manningnathan@example.org,2021-06-25
686,Jonathan Holt,stefanie15@example.com,2020-05-02
687,John Osborne,marissalawrence@example.net,2020-12-09
688,Jamie Holland,bjackson@example.net,2023-06-23
689,Regina Powell,williamchambers@example.net,2023-11-29
690,Nancy Johnson,eharrison@example.net,2023-06-18
691,Monica Johnston,hamiltonraymond@example.net,2021-08-22
692,Jennifer Foster,daniel55@example.org,2024-10-27
693,Stacey Taylor,jonesstacey@example.com,2020-03-26
694,Anna Cook,plove@example.org,2024-03-29
695,Steven Harris,stevensjim@example.org,2020-08-16
696,Regina Marshall,cathy30@example.net,2024-06-20
697,Donald Graham,jasonclarke@example.com,2021-06-18
698,Bradley Sims,timothyrojas@example.com,2023-07-09
699,Susan Davis,qmoore@example.com,2022-08-16
700,Chad Mendoza,elizabethdouglas@example.net,2024-11-07
701,Victoria Davis,janetsweeney@example.net,2020-02-23
702,Tracy Fuller,zdavenport@example.net,2024-07-15
703,Michael Russell,uwilliams@example.com,2022-01-04
704,Andrea Goodwin,smithsharon@example.com,2023-11-26
705,Patricia Fuller,todd89@example.net,2020-08-20
706,Curtis Weber,allison38@example.com,2023-11-12
707,Jeffrey Flores,asmith@example.com,2023-10-26
708,Colleen Allen,brenda54@example.org,2023-11-06
709,Roberto Davis,jwebb@example.net,2024-07-08
710,Edwin Smith,grollins@example.com,2023-08-23
711,Amanda Rivera,ana30@example.net,2024-01-19
712,Matthew Whitaker,michael79@example.com,2023-10-08
713,Michael Rodriguez,owhitaker@example.org,2023-09-29
714,James Heath,wsanchez@example.net,2022-06-21
715,Gary Taylor,colemanhayden@example.com,2021-12-04
716,Sara Mercer,yorklaura@example.org,2024-04-30
717,Sean Harrison,gillevan@example.org,2021-09-29
718,Shelia Ingram,oandersen@example.org,2020-02-16
719,Jonathan Trevino,sullivanashley@example.net,2021-06-06
720,Lori Schneider,michaelpowers@example.com,2020-08-04
721,Troy Ortiz,palvarado@example.net,2022-06-27
722,Janet Gardner,emccann@example.net,2024-08-19
723,Claudia Villarreal,juliawalter@example.net,2020-08-19
724,Charles Campbell,colin91@example.com,2024-07-07
725,Victor Moreno,morgan18@example.org,2020-12-01
726,Mitchell Allison,davisemily@example.net,2020-08-21
727,Laura Levine,shernandez@example.org,2020-02-22
728,Jimmy Bryant,cynthia01@example.org,2020-07-16
729,Angela Rosales,thaynes@example.com,2024-05-03
730,Aaron Pearson,bradybailey@example.org,2022-01-19
731,John Baker,thudson@example.com,2024-05-17
732,Andrea Morris,timothy77@example.net,2024-01-28
733,Christina Hamilton,thomasclark@example.org,2021-07-27
734,Bryan Morrison,ssalinas@example.org,2023-04-24
735,Andrew Jones,cartersabrina@example.net,2023-03-07
736,Brandon Chen,david77@example.com,2021-06-17
737,Christine Perez DDS,rschmitt@example.com,2024-04-26
738,Raymond Tucker,parkdaniel@example.org,2022-04-27
739,Jason Johnson,robert97@example.com,2021-06-08
740,Arthur Hawkins,johnsoncarrie@example.org,2021-01-21
741,Christopher Rice,cherylgoodwin@example.net,2020-03-08
742,Kristen Christensen,stricklandmelinda@example.net,2020-11-06
743,Christopher Blanchard,qmccarthy@example.net,2021-12-27
744,Dennis Townsend,maloneleah@example.com,2023-10-22
745,Kristen Yu,zlane@example.net,2020-11-13
746,Nicole Lewis,james21@example.org,2022-03-20
747,Joseph Griffin,davidsmith@example.com,2021-06-10
748,Brian Love,knightgreg@example.org,2024-01-26
749,Omar Moore,dennisandrew@example.org,2024-12-09
750,Emily Lopez,katherine57@example.com,2020-07-01
751,Dylan Powell MD,srichardson@example.com,2022-11-17
752,Todd Chavez,catherineknight@example.org,2022-02-18
753,Michael Hunter,megan12@example.org,2023-09-21
754,Joshua Waters,steven09@example.net,2022-11-19
755,Kelly Cardenas,melissamorris@example.org,2024-11-03
756,Tyler Black,ocollins@example.com,2022-11-11
757,Carmen Beck,gsoto@example.net,2021-03-14
758,Reginald Morales,preston01@example.com,2022-11-18
759,Dennis Bolton,bpatterson@example.net,2021-04-11
760,Christopher Lee,coxjuan@example.net,2022-04-27
761,Sheila Cruz,timothywilliams@example.com,2023-07-19
762,Mrs. Dawn Stafford MD,eperez@example.org,2022-03-03
763,Kristen Murray,nlewis@example.net,2023-04-09
764,Christina Clark,owilliams@example.org,2021-09-01
765,Katelyn Villanueva,hallalicia@example.com,2024-04-03
766,Robert Franco,lgonzalez@example.net,2020-07-12
767,Timothy Cooper,rebeccamccarty@example.org,2021-08-06
768,Sean Paul,sullivanmatthew@example.org,2023-03-31
769,Nancy Anthony,powellelizabeth@example.com,2021-10-16
770,Michael Crosby,stephenssheri@example.org,2025-01-12
771,Donna Cook,ashley64@example.com,2020-11-13
772,Chelsea Vasquez,thomaschavez@example.com,2022-09-13
773,Gregory Griffin,craigchase@example.com,2021-07-18
774,Nicholas Cook,rachel49@example.com,2024-10-02
775,Nicole Johnson,smithmichael@example.net,2024-09-12
776,Erik Harvey,heather85@example.net,2022-05-07
777,Teresa Young,pwalker@example.org,2022-11-19
778,Thomas Moore,yhebert@example.org,2023-01-07
779,Stephanie Noble,jpayne@example.org,2024-06-08
780,Natasha Gilbert,urobbins@example.org,2025-01-20
781,Tyrone Scott,melissa55@example.com,2024-06-30
782,Lauren Harper,cathy31@example.net,2024-07-01
783,Sean Arnold,ryanbarton@example.org,2024-12-11
784,Derrick Ortiz,stokesjeffrey@example.net,2024-07-27
785,Susan Malone,znovak@example.com,2024-06-15
786,Erica Gonzalez,matthewrussell@example.net,2024-11-09
787,April Herrera,qdecker@example.net,2023-12-21
788,Patricia Hogan,kgarcia@example.com,2024-10-20
789,Anthony Murray,susanmolina@example.org,2022-08-24
790,Christopher Brown,melanieclayton@example.net,2022-08-08
791,Jennifer Munoz,michaelwilcox@example.net,2024-04-18
792,Janice Clark,mary15@example.com,2024-03-17
793,Dan Smith,jeffrey95@example.com,2021-05-12
794,Christopher Adkins,edwardhernandez@example.com,2024-07-02
795,Hector Johnson,cynthiaramirez@example.com,2023-03-10
796,Ryan Tanner,kristincasey@example.org,2021-01-06
797,Amber Poole,gabriela40@example.org,2021-07-28
798,Becky Peters,jamesmay@example.org,2021-01-11
799,Trevor Harmon,ljones@example.com,2022-12-06
800,April Smith,maysemily@example.net,2024-02-27
801,Linda Garrison,wendy73@example.com,2022-07-26
802,Christopher Miranda,craigchad@example.net,2024-01-23
803,Gary Powell,kevintodd@example.com,2020-09-19
804,Frank Andrews,jacob16@example.org,2020-02-27
805,Linda Blake,kimberly84@example.org,2020-08-02
806,Timothy Ferguson,benjamin62@example.org,2020-04-17
807,David Spears,jeffery09@example.net,2021-12-27
808,Alexander Sandoval,rdavis@example.net,2025-02-07
809,Jennifer Mcdonald,vguzman@example.com,2025-02-10
810,Kelly Reeves,cindyrhodes@example.org,2024-07-28
811,Brenda Taylor,smithjames@example.net,2024-12-01
812,Lisa Holmes,adam68@example.com,2023-09-12
813,Emily Ramsey,hansenethan@example.net,2024-08-01
814,James Moore,eric31@example.net,2021-10-29
815,Christopher Graham,brownmark@example.net,2024-07-30
816,Eric Fisher,staffordjoel@example.com,2024-04-22
817,Amanda Hull,esimmons@example.org,2024-01-08
818,Jennifer Rivera,kathryn05@example.net,2022-01-04
819,Benjamin Pham,stacy61@example.net,2023-05-10
820,Wendy Lamb,lauren32@example.net,2020-04-12
821,Ian Bird,kelly14@example.net,2024-11-21
822,Matthew Hill,hooperkevin@example.com,2022-03-27
823,James Smith,tiffanycasey@example.net,2022-05-28
824,Rachel Mcneil,stevemiller@example.com,2020-08-20
825,Hayley Alexander,mcclainsally@example.com,2022-09-30
826,Jennifer Morgan,shannonwallace@example.net,2023-01-09
827,Thomas Cruz,hudsontaylor@example.com,2023-01-05
828,Raymond Huerta,kenneth94@example.org,2021-10-10
829,Jeremy Johnson,sheabarbara@example.net,2023-09-22
830,Michael Jenkins,wayneriddle@example.org,2024-01-05
831,Erika Osborne,jeffreycastro@example.com,2022-03-24
832,Julie Crawford,waterspamela@example.net,2024-01-24
833,Ronnie Frank,kelsey36@example.org,2021-01-01
834,Sara Phelps,karenday@example.net,2024-07-05
835,Kristin Elliott,daniel67@example.com,2022-03-25
836,Joseph Garner,vhebert@example.org,2022-11-07
837,Anthony Campbell,nancyle@example.com,2020-05-09
838,Michelle White,collinsnicholas@example.com,2021-10-06
839,Jacob Lucas,osimmons@example.net,2024-07-25
840,Heather Rice,briana38@example.com,2023-10-02
841,Donald Russell,sarahcastro@example.net,2020-02-22
842,Stephanie Avery,billrodriguez@example.org,2022-10-17
843,Katherine Dean,nbass@example.net,2023-03-09
844,Ashley Thompson,joseph00@example.com,2022-09-28
845,Daniel Decker,danielsmith@example.net,2024-04-01
846,David Wilson,eric10@example.org,2021-01-28
847,Leslie Lopez,michael51@example.net,2020-11-25
848,Andrea Gomez,emily04@example.org,2023-03-03
849,Regina Cameron,don69@example.org,2023-04-25
850,Sierra Combs,hilllisa@example.org,2024-07-16
851,Janet House,wardpamela@example.org,2023-08-07
852,Justin Aguirre,yyoung@example.org,2023-07-18
853,Lance Martinez,michaelliu@example.net,2021-12-27
854,Michael Wiggins,ericbradley@example.org,2020-07-28
855,Emma Erickson,brennanpatrick@example.com,2024-10-25
856,Sandra Ortiz,nbrown@example.org,2020-04-03
857,Mrs. Allison Matthews DDS,kjohnson@example.org,2025-01-14
858,Linda King,misty00@example.net,2021-06-12
859,Adam Preston,karenwright@example.net,2020-09-23
860,Matthew Blankenship,murphyerica@example.com,2024-12-03
861,Austin Hernandez,tammy01@example.com,2024-01-21
862,Kathleen Johnson,mcolon@example.org,2025-01-07
863,Christopher Soto,jason07@example.org,2021-12-02
864,Monica Shannon,btran@example.com,2023-12-27
865,Roger Salazar,jokim@example.com,2020-03-06
866,Andrew Willis,jennifer89@example.net,2022-07-07
867,Karen Warren,christophersmith@example.net,2022-02-17
868,Leslie Compton,sharpbeverly@example.net,2022-12-07
869,Daniel Lane,robert88@example.org,2022-01-28
870,Margaret Hunt,melanie77@example.net,2021-05-22
871,Craig Suarez,lisa85@example.com,2021-11-13
872,Sarah Orr,pthomas@example.net,2024-10-06
873,Kathryn Hartman,gibsonlisa@example.org,2020-05-16
874,Eddie Phillips,hortoncaleb@example.org,2021-06-17
875,Mark Moss,aaronhenry@example.net,2023-11-04
876,Jason Gonzalez,samantha64@example.net,2020-12-27
877,Melanie Frank,michaeldaniels@example.com,2021-09-17
878,Elizabeth Garcia,colleen99@example.com,2024-03-07
879,Luis Roberson,christopher83@example.net,2021-10-31
880,Matthew Morton,cedwards@example.net,2024-12-22
881,Randy Perez,johnsonkathleen@example.net,2024-02-19
882,Alicia Simmons,alanmorris@example.com,2021-12-22
883,Allison Lamb,qmichael@example.com,2024-03-04
884,Jon Schmidt,scottwilson@example.net,2022-05-04
885,Alicia Johnson,rcosta@example.org,2021-02-15
886,Jerry Burch,luismelendez@example.org,2024-09-14
887,Brandi Farrell,kellywalker@example.net,2023-03-27
888,Bryan Parker,twagner@example.org,2023-04-20
889,Carlos Richmond,paynelarry@example.net,2021-01-07
890,John Jackson II,ronaldbrooks@example.org,2020-08-12
891,James Lynn,lauriebrown@example.net,2021-06-06
892,Deborah Adkins,charlesreynolds@example.com,2022-09-24
893,Hunter Smith,jordanrobert@example.net,2024-12-16
894,Angela Tucker,colemanchristine@example.com,2023-11-24
895,Michelle Castillo,mary92@example.net,2024-10-30
896,Elizabeth Scott,smithdean@example.org,2023-10-10
897,James Hanson,loritownsend@example.net,2023-11-09
898,Tracey Wang,sross@example.net,2022-09-25
899,John Harris,copelandcristina@example.net,2023-07-26
900,Carl Mullen,jesse89@example.com,2023-06-19
901,Natasha Cannon,davidwilson@example.org,2021-10-20
902,Samuel Pitts,fwest@example.com,2023-09-08
903,Daniel Anderson,tina48@example.net,2023-08-31
904,Brooke Richardson,fmaxwell@example.org,2021-03-20
905,Crystal Padilla,charleshenry@example.com,2021-07-14
906,Jennifer Scott,vbuckley@example.org,2020-03-13
907,Amy Howell,thomasmclaughlin@example.com,2021-11-12
908,Jessica Conley,juan23@example.net,2022-11-15
909,Dr. James Nelson,otate@example.net,2022-11-25
910,Lisa Thomas,christineking@example.net,2022-12-14
911,Joseph Powell,elizabeth82@example.com,2024-04-21
912,James Diaz,cervantesjo@example.net,2021-08-02
913,Jessica Moody,edwardsmichael@example.org,2020-02-15
914,Pamela Roy,sarahperez@example.org,2022-04-07
915,Michael Brown,markwilkins@example.com,2023-02-07
916,Alan Bradshaw,caldwellmaria@example.com,2022-09-14
917,Christina Oneal,vernonhall@example.org,2021-12-18
918,Tracy Hanson,pauljimenez@example.org,2020-07-30
919,Andrew Wade,nwebb@example.org,2020-04-12
920,Katherine Williams,pearsonmichael@example.net,2024-01-17
921,Christian Rodriguez,ssandoval@example.com,2022-02-09
922,Misty Herrera,hernandezcharles@example.com,2023-12-20
923,John Sutton,dylandavis@example.org,2021-01-20
924,Earl Olson,adamsjacob@example.net,2023-02-04
925,Shirley Mathews,adriana25@example.com,2024-02-01
926,Christopher Christian,loganbarton@example.org,2022-12-28
927,John Smith,iramirez@example.com,2021-04-27
928,Courtney Cook,gbrooks@example.org,2023-06-25
929,Mark Hawkins,uaustin@example.org,2020-07-21
930,Victoria Ibarra,rcarpenter@example.org,2025-01-08
931,Gregory Wang,hsullivan@example.com,2023-12-07
932,Michelle Reynolds,carlamcdonald@example.com,2024-04-19
933,Brian Scott,rlane@example.com,2022-01-13
934,Matthew George,ivan90@example.net,2022-06-01
935,Jeremy Wood,thomas15@example.com,2023-05-06
936,Jennifer Crane,kellydaniel@example.org,2024-10-01
937,Gregory Foster,danrogers@example.net,2021-08-31
938,Keith Russell,bowenkimberly@example.net,2024-06-30
939,Rhonda White,jefferykeith@example.org,2021-06-20
940,Robert Harvey,garysimmons@example.net,2023-01-16
941,Tyler Frank,jennifer84@example.org,2024-10-02
942,Logan Barron,justinzamora@example.org,2021-12-13
943,April Santana,fholland@example.net,2024-12-21
944,Joshua Burns,herrerakatelyn@example.com,2024-03-03
945,Caitlin Ellis,wisemary@example.org,2021-02-13
946,Steven Drake,steven34@example.net,2023-03-30
947,Michael Quinn,dawn80@example.com,2021-07-11
948,Justin Cochran,tara93@example.com,2021-09-26
949,Bobby Williams,ospencer@example.org,2022-09-17
950,Alexander Gibson,eddie61@example.org,2021-12-08
951,Catherine Dean,linda56@example.com,2024-05-29
952,David Weaver,wbenjamin@example.com,2024-10-09
953,Dustin White,ddecker@example.com,2020-03-11
954,Donald Webb,suttonbrad@example.org,2020-03-01
955,Samantha Mitchell,brittany46@example.net,2023-08-08
956,Mrs. Misty Roberts,matthew92@example.net,2022-05-14
957,Francisco Ford,garrettsheila@example.org,2022-10-19
958,Brandon Graham,kara79@example.org,2020-12-25
959,Terry Murphy,butlereric@example.net,2020-07-03
960,Thomas Rodriguez,longkathy@example.net,2022-07-03
961,Jonathan Rodriguez,christophermendez@example.org,2023-10-19
962,Ryan Kline,william81@example.com,2025-01-30
963,Justin Smith MD,nina22@example.org,2020-06-14
964,Amber Diaz,johnstonanthony@example.com,2021-06-11
965,Karen Perkins,slee@example.com,2023-07-22
966,Richard Houston,imartin@example.net,2024-06-04
967,David Mullins,nicholasbradshaw@example.com,2021-04-29
968,Richard Smith,connor13@example.org,2022-02-08
969,John Wells,hernandezashley@example.org,2023-11-02
970,Vanessa Evans,roachlarry@example.com,2024-04-01
971,Patricia Burke,rwilson@example.org,2020-03-30
972,Scott Dyer,mfuentes@example.com,2021-08-05
973,William Ruiz,molinalouis@example.net,2020-09-19
974,Karen Gaines,williamgonzalez@example.com,2021-12-15
975,Rachel Rivera,ymartinez@example.com,2023-03-19
976,Katie Lee,courtneyharrison@example.org,2022-06-15
977,Mark Blackwell,ricestephanie@example.com,2021-04-18
978,Tiffany Harrison,yreed@example.org,2024-02-06
979,Elizabeth Cruz,michele90@example.com,2021-07-08
980,Madeline Hill,samanthabenson@example.org,2023-05-21
981,Deborah Peterson,rebecca99@example.com,2022-05-13
982,Cynthia Mcdaniel,rbates@example.net,2022-04-08
983,Benjamin Mills,sarah12@example.org,2022-10-21
984,Michelle Cabrera,rsummers@example.com,2022-07-24
985,Jamie Daniel,katiejensen@example.net,2022-03-08
986,Jaime Sanchez,jeremiahellison@example.org,2022-10-20
987,Kevin Owens,jose29@example.com,2022-02-28
988,Haley Weaver,jamessandoval@example.com,2024-05-20
989,Sean Mcdonald,robert14@example.com,2020-08-26
990,David Fletcher,jimmynichols@example.org,2023-05-21
991,Dale Berry,mcdowelltoni@example.org,2022-05-29
992,Jo Matthews,dbean@example.org,2023-01-11
993,Dr. Breanna Smith MD,paulbaker@example.net,2023-07-27
994,Melissa Johnson,victoriastephens@example.net,2021-06-04
995,Deborah Wilson,jacobanderson@example.org,2022-02-07
996,Erika Rivera,idennis@example.com,2020-09-18
997,Ashley Wilson,hcole@example.com,2024-04-21
998,Justin Petersen,holmeskelsey@example.com,2022-12-31
999,Bianca Shields,seanparker@example.net,2022-12-24
1000,Susan Rubio,nelsonmichael@example.net,2021-06-28
